horizon_day,mean_return,std_return,positive_share
1,0.001041,0.016362,0.539515
2,0.001473,0.023892,0.547418
3,0.001745,0.02973,0.545838
4,0.002534,0.034619,0.56059
5,0.003247,0.038764,0.57745
6,0.004083,0.042018,0.576396
7,0.004537,0.045798,0.57745
